year,month,day,type,url,dayStartDateSession,monthStartDateSession,dayEndDateSession,monthEndDateSession,ojCol,ojNum,ojYear,ojClass,ojDate
2009,01,12,SES,https://www.europarl.europa.eu/doceo/document/CRE-6-2009-01-12-TOC_EN.html,12,01,15,01,NA,0,0,NA,NA
2009,01,13,SES,https://www.europarl.europa.eu/doceo/document/CRE-6-2009-01-13-TOC_EN.html,12,01,15,01,NA,0,0,NA,NA
2009,01,14,SES,https://www.europarl.europa.eu/doceo/document/CRE-6-2009-01-14-TOC_EN.html,12,01,15,01,NA,0,0,NA,NA
2009,01,15,SES,https://www.europarl.europa.eu/doceo/document/CRE-6-2009-01-15-TOC_EN.html,12,01,15,01,NA,0,0,NA,NA
2009,02,02,SES,https://www.europarl.europa.eu/doceo/document/CRE-6-2009-02-02-TOC_EN.html,02,02,05,02,NA,0,0,NA,NA
2009,02,03,SES,https://www.europarl.europa.eu/doceo/document/CRE-6-2009-02-03-TOC_EN.html,02,02,05,02,NA,0,0,NA,NA
2009,02,04,SES,https://www.europarl.europa.eu/doceo/document/CRE-6-2009-02-04-TOC_EN.html,02,02,05,02,NA,0,0,NA,NA
2009,02,05,SES,https://www.europarl.europa.eu/doceo/document/CRE-6-2009-02-05-TOC_EN.html,02,02,05,02,NA,0,0,NA,NA
2009,02,18,SES,https://www.europarl.europa.eu/doceo/document/CRE-6-2009-02-18-TOC_EN.html,18,02,19,02,NA,0,0,NA,NA
2009,02,19,SES,https://www.europarl.europa.eu/doceo/document/CRE-6-2009-02-19-TOC_EN.html,18,02,19,02,NA,0,0,NA,NA
2009,03,09,SES,https://www.europarl.europa.eu/doceo/document/CRE-6-2009-03-09-TOC_EN.html,09,03,12,03,NA,0,0,NA,NA
2009,03,10,SES,https://www.europarl.europa.eu/doceo/document/CRE-6-2009-03-10-TOC_EN.html,09,03,12,03,NA,0,0,NA,NA
2009,03,11,SES,https://www.europarl.europa.eu/doceo/document/CRE-6-2009-03-11-TOC_EN.html,09,03,12,03,NA,0,0,NA,NA
2009,03,12,SES,https://www.europarl.europa.eu/doceo/document/CRE-6-2009-03-12-TOC_EN.html,09,03,12,03,NA,0,0,NA,NA
2009,03,23,SES,https://www.europarl.europa.eu/doceo/document/CRE-6-2009-03-23-TOC_EN.html,23,03,26,03,NA,0,0,NA,NA
2009,03,24,SES,https://www.europarl.europa.eu/doceo/document/CRE-6-2009-03-24-TOC_EN.html,23,03,26,03,NA,0,0,NA,NA
2009,03,25,SES,https://www.europarl.europa.eu/doceo/document/CRE-6-2009-03-25-TOC_EN.html,23,03,26,03,NA,0,0,NA,NA
2009,03,26,SES,https://www.europarl.europa.eu/doceo/document/CRE-6-2009-03-26-TOC_EN.html,23,03,26,03,NA,0,0,NA,NA
2009,04,01,SES,https://www.europarl.europa.eu/doceo/document/CRE-6-2009-04-01-TOC_EN.html,01,04,02,04,NA,0,0,NA,NA
2009,04,02,SES,https://www.europarl.europa.eu/doceo/document/CRE-6-2009-04-02-TOC_EN.html,01,04,02,04,NA,0,0,NA,NA
2009,04,21,SES,https://www.europarl.europa.eu/doceo/document/CRE-6-2009-04-21-TOC_EN.html,21,04,24,04,NA,0,0,NA,NA
2009,04,22,SES,https://www.europarl.europa.eu/doceo/document/CRE-6-2009-04-22-TOC_EN.html,21,04,24,04,NA,0,0,NA,NA
2009,04,23,SES,https://www.europarl.europa.eu/doceo/document/CRE-6-2009-04-23-TOC_EN.html,21,04,24,04,NA,0,0,NA,NA
2009,04,24,SES,https://www.europarl.europa.eu/doceo/document/CRE-6-2009-04-24-TOC_EN.html,21,04,24,04,NA,0,0,NA,NA
2009,05,04,SES,https://www.europarl.europa.eu/doceo/document/CRE-6-2009-05-04-TOC_EN.html,04,05,07,05,NA,0,0,NA,NA
2009,05,05,SES,https://www.europarl.europa.eu/doceo/document/CRE-6-2009-05-05-TOC_EN.html,04,05,07,05,NA,0,0,NA,NA
2009,05,06,SES,https://www.europarl.europa.eu/doceo/document/CRE-6-2009-05-06-TOC_EN.html,04,05,07,05,NA,0,0,NA,NA
2009,05,07,SES,https://www.europarl.europa.eu/doceo/document/CRE-6-2009-05-07-TOC_EN.html,04,05,07,05,NA,0,0,NA,NA
2009,07,14,SES,https://www.europarl.europa.eu/doceo/document/CRE-7-2009-07-14-TOC_EN.html,14,07,16,07,NA,0,0,NA,NA
2009,07,15,SES,https://www.europarl.europa.eu/doceo/document/CRE-7-2009-07-15-TOC_EN.html,14,07,16,07,NA,0,0,NA,NA
2009,07,16,SES,https://www.europarl.europa.eu/doceo/document/CRE-7-2009-07-16-TOC_EN.html,14,07,16,07,NA,0,0,NA,NA
2009,09,14,SES,https://www.europarl.europa.eu/doceo/document/CRE-7-2009-09-14-TOC_EN.html,14,09,17,09,NA,0,0,NA,NA
2009,09,15,SES,https://www.europarl.europa.eu/doceo/document/CRE-7-2009-09-15-TOC_EN.html,14,09,17,09,NA,0,0,NA,NA
2009,09,16,SES,https://www.europarl.europa.eu/doceo/document/CRE-7-2009-09-16-TOC_EN.html,14,09,17,09,NA,0,0,NA,NA
2009,09,17,SES,https://www.europarl.europa.eu/doceo/document/CRE-7-2009-09-17-TOC_EN.html,14,09,17,09,NA,0,0,NA,NA
2009,10,07,SES,https://www.europarl.europa.eu/doceo/document/CRE-7-2009-10-07-TOC_EN.html,07,10,08,10,NA,0,0,NA,NA
2009,10,08,SES,https://www.europarl.europa.eu/doceo/document/CRE-7-2009-10-08-TOC_EN.html,07,10,08,10,NA,0,0,NA,NA
2009,10,19,SES,https://www.europarl.europa.eu/doceo/document/CRE-7-2009-10-19-TOC_EN.html,19,10,22,10,NA,0,0,NA,NA
2009,10,20,SES,https://www.europarl.europa.eu/doceo/document/CRE-7-2009-10-20-TOC_EN.html,19,10,22,10,NA,0,0,NA,NA
2009,10,21,SES,https://www.europarl.europa.eu/doceo/document/CRE-7-2009-10-21-TOC_EN.html,19,10,22,10,NA,0,0,NA,NA
2009,10,22,SES,https://www.europarl.europa.eu/doceo/document/CRE-7-2009-10-22-TOC_EN.html,19,10,22,10,NA,0,0,NA,NA
2009,11,11,SES,https://www.europarl.europa.eu/doceo/document/CRE-7-2009-11-11-TOC_EN.html,11,11,12,11,NA,0,0,NA,NA
2009,11,12,SES,https://www.europarl.europa.eu/doceo/document/CRE-7-2009-11-12-TOC_EN.html,11,11,12,11,NA,0,0,NA,NA
2009,11,23,SES,https://www.europarl.europa.eu/doceo/document/CRE-7-2009-11-23-TOC_EN.html,23,11,26,11,NA,0,0,NA,NA
2009,11,24,SES,https://www.europarl.europa.eu/doceo/document/CRE-7-2009-11-24-TOC_EN.html,23,11,26,11,NA,0,0,NA,NA
2009,11,25,SES,https://www.europarl.europa.eu/doceo/document/CRE-7-2009-11-25-TOC_EN.html,23,11,26,11,NA,0,0,NA,NA
2009,11,26,SES,https://www.europarl.europa.eu/doceo/document/CRE-7-2009-11-26-TOC_EN.html,23,11,26,11,NA,0,0,NA,NA
2009,12,14,SES,https://www.europarl.europa.eu/doceo/document/CRE-7-2009-12-14-TOC_EN.html,14,12,17,12,NA,0,0,NA,NA
2009,12,15,SES,https://www.europarl.europa.eu/doceo/document/CRE-7-2009-12-15-TOC_EN.html,14,12,17,12,NA,0,0,NA,NA
2009,12,16,SES,https://www.europarl.europa.eu/doceo/document/CRE-7-2009-12-16-TOC_EN.html,14,12,17,12,NA,0,0,NA,NA
2009,12,17,SES,https://www.europarl.europa.eu/doceo/document/CRE-7-2009-12-17-TOC_EN.html,14,12,17,12,NA,0,0,NA,NA
2010,01,18,SES,https://www.europarl.europa.eu/doceo/document/CRE-7-2010-01-18-TOC_EN.html,18,01,21,01,NA,0,0,NA,NA
2010,01,19,SES,https://www.europarl.europa.eu/doceo/document/CRE-7-2010-01-19-TOC_EN.html,18,01,21,01,NA,0,0,NA,NA
2010,01,20,SES,https://www.europarl.europa.eu/doceo/document/CRE-7-2010-01-20-TOC_EN.html,18,01,21,01,NA,0,0,NA,NA
2010,01,21,SES,https://www.europarl.europa.eu/doceo/document/CRE-7-2010-01-21-TOC_EN.html,18,01,21,01,NA,0,0,NA,NA
2010,02,08,SES,https://www.europarl.europa.eu/doceo/document/CRE-7-2010-02-08-TOC_EN.html,08,02,11,02,NA,0,0,NA,NA
2010,02,09,SES,https://www.europarl.europa.eu/doceo/document/CRE-7-2010-02-09-TOC_EN.html,08,02,11,02,NA,0,0,NA,NA
2010,02,10,SES,https://www.europarl.europa.eu/doceo/document/CRE-7-2010-02-10-TOC_EN.html,08,02,11,02,NA,0,0,NA,NA
2010,02,11,SES,https://www.europarl.europa.eu/doceo/document/CRE-7-2010-02-11-TOC_EN.html,08,02,11,02,NA,0,0,NA,NA
2010,02,24,SES,https://www.europarl.europa.eu/doceo/document/CRE-7-2010-02-24-TOC_EN.html,24,02,25,02,NA,0,0,NA,NA
2010,02,25,SES,https://www.europarl.europa.eu/doceo/document/CRE-7-2010-02-25-TOC_EN.html,24,02,25,02,NA,0,0,NA,NA
2010,03,08,SES,https://www.europarl.europa.eu/doceo/document/CRE-7-2010-03-08-TOC_EN.html,08,03,11,03,NA,0,0,NA,NA
2010,03,09,SES,https://www.europarl.europa.eu/doceo/document/CRE-7-2010-03-09-TOC_EN.html,08,03,11,03,NA,0,0,NA,NA
2010,03,10,SES,https://www.europarl.europa.eu/doceo/document/CRE-7-2010-03-10-TOC_EN.html,08,03,11,03,NA,0,0,NA,NA
2010,03,11,SES,https://www.europarl.europa.eu/doceo/document/CRE-7-2010-03-11-TOC_EN.html,08,03,11,03,NA,0,0,NA,NA
2010,03,24,SES,https://www.europarl.europa.eu/doceo/document/CRE-7-2010-03-24-TOC_EN.html,24,03,25,03,NA,0,0,NA,NA
2010,03,25,SES,https://www.europarl.europa.eu/doceo/document/CRE-7-2010-03-25-TOC_EN.html,24,03,25,03,NA,0,0,NA,NA
2010,04,07,SES,https://www.europarl.europa.eu/doceo/document/CRE-7-2010-04-07-TOC_EN.html,07,04,07,04,NA,0,0,NA,NA
2010,04,19,SES,https://www.europarl.europa.eu/doceo/document/CRE-7-2010-04-19-TOC_EN.html,19,04,22,04,NA,0,0,NA,NA
2010,04,20,SES,https://www.europarl.europa.eu/doceo/document/CRE-7-2010-04-20-TOC_EN.html,19,04,22,04,NA,0,0,NA,NA
2010,04,21,SES,https://www.europarl.europa.eu/doceo/document/CRE-7-2010-04-21-TOC_EN.html,19,04,22,04,NA,0,0,NA,NA
2010,04,22,SES,,19,04,22,04,,0,0,,NA
2010,05,05,SES,https://www.europarl.europa.eu/doceo/document/CRE-7-2010-05-05-TOC_EN.html,05,05,06,05,NA,0,0,NA,NA
2010,05,06,SES,https://www.europarl.europa.eu/doceo/document/CRE-7-2010-05-06-TOC_EN.html,05,05,06,05,NA,0,0,NA,NA
2010,05,17,SES,https://www.europarl.europa.eu/doceo/document/CRE-7-2010-05-17-TOC_EN.html,17,05,20,05,NA,0,0,NA,NA
2010,05,18,SES,https://www.europarl.europa.eu/doceo/document/CRE-7-2010-05-18-TOC_EN.html,17,05,20,05,NA,0,0,NA,NA
2010,05,19,SES,https://www.europarl.europa.eu/doceo/document/CRE-7-2010-05-19-TOC_EN.html,17,05,20,05,NA,0,0,NA,NA
2010,05,20,SES,https://www.europarl.europa.eu/doceo/document/CRE-7-2010-05-20-TOC_EN.html,17,05,20,05,NA,0,0,NA,NA
2010,06,14,SES,https://www.europarl.europa.eu/doceo/document/CRE-7-2010-06-14-TOC_EN.html,14,06,17,06,NA,0,0,NA,NA
2010,06,15,SES,https://www.europarl.europa.eu/doceo/document/CRE-7-2010-06-15-TOC_EN.html,14,06,17,06,NA,0,0,NA,NA
2010,06,16,SES,https://www.europarl.europa.eu/doceo/document/CRE-7-2010-06-16-TOC_EN.html,14,06,17,06,NA,0,0,NA,NA
2010,06,17,SES,https://www.europarl.europa.eu/doceo/document/CRE-7-2010-06-17-TOC_EN.html,14,06,17,06,NA,0,0,NA,NA
2010,06,23,SES,https://www.europarl.europa.eu/doceo/document/CRE-7-2010-06-23-TOC_EN.html,23,06,23,06,NA,0,0,NA,NA
2010,07,05,SES,https://www.europarl.europa.eu/doceo/document/CRE-7-2010-07-05-TOC_EN.html,05,07,08,07,NA,0,0,NA,NA
2010,07,06,SES,https://www.europarl.europa.eu/doceo/document/CRE-7-2010-07-06-TOC_EN.html,05,07,08,07,NA,0,0,NA,NA
2010,07,07,SES,https://www.europarl.europa.eu/doceo/document/CRE-7-2010-07-07-TOC_EN.html,05,07,08,07,NA,0,0,NA,NA
2010,07,08,SES,https://www.europarl.europa.eu/doceo/document/CRE-7-2010-07-08-TOC_EN.html,05,07,08,07,NA,0,0,NA,NA
2010,09,06,SES,https://www.europarl.europa.eu/doceo/document/CRE-7-2010-09-06-TOC_EN.html,06,09,09,09,NA,0,0,NA,NA
2010,09,07,SES,https://www.europarl.europa.eu/doceo/document/CRE-7-2010-09-07-TOC_EN.html,06,09,09,09,NA,0,0,NA,NA
2010,09,08,SES,https://www.europarl.europa.eu/doceo/document/CRE-7-2010-09-08-TOC_EN.html,06,09,09,09,NA,0,0,NA,NA
2010,09,09,SES,https://www.europarl.europa.eu/doceo/document/CRE-7-2010-09-09-TOC_EN.html,06,09,09,09,NA,0,0,NA,NA
2010,09,20,SES,https://www.europarl.europa.eu/doceo/document/CRE-7-2010-09-20-TOC_EN.html,20,09,23,09,NA,0,0,NA,NA
2010,09,21,SES,https://www.europarl.europa.eu/doceo/document/CRE-7-2010-09-21-TOC_EN.html,20,09,23,09,NA,0,0,NA,NA
2010,09,22,SES,https://www.europarl.europa.eu/doceo/document/CRE-7-2010-09-22-TOC_EN.html,20,09,23,09,NA,0,0,NA,NA
2010,09,23,SES,https://www.europarl.europa.eu/doceo/document/CRE-7-2010-09-23-TOC_EN.html,20,09,23,09,NA,0,0,NA,NA
2010,10,06,SES,https://www.europarl.europa.eu/doceo/document/CRE-7-2010-10-06-TOC_EN.html,06,10,07,10,NA,0,0,NA,NA
2010,10,07,SES,https://www.europarl.europa.eu/doceo/document/CRE-7-2010-10-07-TOC_EN.html,06,10,07,10,NA,0,0,NA,NA
2010,10,18,SES,https://www.europarl.europa.eu/doceo/document/CRE-7-2010-10-18-TOC_EN.html,18,10,21,10,NA,0,0,NA,NA
2010,10,19,SES,https://www.europarl.europa.eu/doceo/document/CRE-7-2010-10-19-TOC_EN.html,18,10,21,10,NA,0,0,NA,NA
2010,10,20,SES,https://www.europarl.europa.eu/doceo/document/CRE-7-2010-10-20-TOC_EN.html,18,10,21,10,NA,0,0,NA,NA
2010,10,21,SES,https://www.europarl.europa.eu/doceo/document/CRE-7-2010-10-21-TOC_EN.html,18,10,21,10,NA,0,0,NA,NA
2010,11,10,SES,https://www.europarl.europa.eu/doceo/document/CRE-7-2010-11-10-TOC_EN.html,10,11,11,11,NA,0,0,NA,NA
2010,11,11,SES,https://www.europarl.europa.eu/doceo/document/CRE-7-2010-11-11-TOC_EN.html,10,11,11,11,NA,0,0,NA,NA
2010,11,22,SES,https://www.europarl.europa.eu/doceo/document/CRE-7-2010-11-22-TOC_EN.html,22,11,25,11,NA,0,0,NA,NA
2010,11,23,SES,https://www.europarl.europa.eu/doceo/document/CRE-7-2010-11-23-TOC_EN.html,22,11,25,11,NA,0,0,NA,NA
2010,11,24,SES,https://www.europarl.europa.eu/doceo/document/CRE-7-2010-11-24-TOC_EN.html,22,11,25,11,NA,0,0,NA,NA
2010,11,25,SES,https://www.europarl.europa.eu/doceo/document/CRE-7-2010-11-25-TOC_EN.html,22,11,25,11,NA,0,0,NA,NA
2010,12,13,SES,https://www.europarl.europa.eu/doceo/document/CRE-7-2010-12-13-TOC_EN.html,13,12,16,12,NA,0,0,NA,NA
2010,12,14,SES,https://www.europarl.europa.eu/doceo/document/CRE-7-2010-12-14-TOC_EN.html,13,12,16,12,NA,0,0,NA,NA
2010,12,15,SES,https://www.europarl.europa.eu/doceo/document/CRE-7-2010-12-15-TOC_EN.html,13,12,16,12,NA,0,0,NA,NA
2010,12,16,SES,https://www.europarl.europa.eu/doceo/document/CRE-7-2010-12-16-TOC_EN.html,13,12,16,12,NA,0,0,NA,NA
2011,01,17,SES,https://www.europarl.europa.eu/doceo/document/CRE-7-2011-01-17-TOC_EN.html,17,01,20,01,NA,0,0,NA,NA
2011,01,18,SES,https://www.europarl.europa.eu/doceo/document/CRE-7-2011-01-18-TOC_EN.html,17,01,20,01,NA,0,0,NA,NA
2011,01,19,SES,https://www.europarl.europa.eu/doceo/document/CRE-7-2011-01-19-TOC_EN.html,17,01,20,01,NA,0,0,NA,NA
2011,01,20,SES,https://www.europarl.europa.eu/doceo/document/CRE-7-2011-01-20-TOC_EN.html,17,01,20,01,NA,0,0,NA,NA
2011,02,02,SES,https://www.europarl.europa.eu/doceo/document/CRE-7-2011-02-02-TOC_EN.html,02,02,03,02,NA,0,0,NA,NA
2011,02,03,SES,https://www.europarl.europa.eu/doceo/document/CRE-7-2011-02-03-TOC_EN.html,02,02,03,02,NA,0,0,NA,NA
2011,02,14,SES,https://www.europarl.europa.eu/doceo/document/CRE-7-2011-02-14-TOC_EN.html,14,02,17,02,NA,0,0,NA,NA
2011,02,15,SES,https://www.europarl.europa.eu/doceo/document/CRE-7-2011-02-15-TOC_EN.html,14,02,17,02,NA,0,0,NA,NA
2011,02,16,SES,https://www.europarl.europa.eu/doceo/document/CRE-7-2011-02-16-TOC_EN.html,14,02,17,02,NA,0,0,NA,NA
2011,02,17,SES,https://www.europarl.europa.eu/doceo/document/CRE-7-2011-02-17-TOC_EN.html,14,02,17,02,NA,0,0,NA,NA
2011,03,07,SES,https://www.europarl.europa.eu/doceo/document/CRE-7-2011-03-07-TOC_EN.html,07,03,10,03,NA,0,0,NA,NA
2011,03,08,SES,https://www.europarl.europa.eu/doceo/document/CRE-7-2011-03-08-TOC_EN.html,07,03,10,03,NA,0,0,NA,NA
2011,03,09,SES,https://www.europarl.europa.eu/doceo/document/CRE-7-2011-03-09-TOC_EN.html,07,03,10,03,NA,0,0,NA,NA
2011,03,10,SES,https://www.europarl.europa.eu/doceo/document/CRE-7-2011-03-10-TOC_EN.html,07,03,10,03,NA,0,0,NA,NA
2011,03,23,SES,https://www.europarl.europa.eu/doceo/document/CRE-7-2011-03-23-TOC_EN.html,23,03,24,03,NA,0,0,NA,NA
2011,03,24,SES,https://www.europarl.europa.eu/doceo/document/CRE-7-2011-03-24-TOC_EN.html,23,03,24,03,NA,0,0,NA,NA
2011,04,04,SES,https://www.europarl.europa.eu/doceo/document/CRE-7-2011-04-04-TOC_EN.html,04,04,07,04,NA,0,0,NA,NA
2011,04,05,SES,https://www.europarl.europa.eu/doceo/document/CRE-7-2011-04-05-TOC_EN.html,04,04,07,04,NA,0,0,NA,NA
2011,04,06,SES,https://www.europarl.europa.eu/doceo/document/CRE-7-2011-04-06-TOC_EN.html,04,04,07,04,NA,0,0,NA,NA
2011,04,07,SES,https://www.europarl.europa.eu/doceo/document/CRE-7-2011-04-07-TOC_EN.html,04,04,07,04,NA,0,0,NA,NA
2011,05,09,SES,https://www.europarl.europa.eu/doceo/document/CRE-7-2011-05-09-TOC_EN.html,09,05,12,05,NA,0,0,NA,NA
2011,05,10,SES,https://www.europarl.europa.eu/doceo/document/CRE-7-2011-05-10-TOC_EN.html,09,05,12,05,NA,0,0,NA,NA
2011,05,11,SES,https://www.europarl.europa.eu/doceo/document/CRE-7-2011-05-11-TOC_EN.html,09,05,12,05,NA,0,0,NA,NA
2011,05,12,SES,https://www.europarl.europa.eu/doceo/document/CRE-7-2011-05-12-TOC_EN.html,09,05,12,05,NA,0,0,NA,NA
2011,06,06,SES,https://www.europarl.europa.eu/doceo/document/CRE-7-2011-06-06-TOC_EN.html,06,06,09,06,NA,0,0,NA,NA
2011,06,07,SES,https://www.europarl.europa.eu/doceo/document/CRE-7-2011-06-07-TOC_EN.html,06,06,09,06,NA,0,0,NA,NA
2011,06,08,SES,https://www.europarl.europa.eu/doceo/document/CRE-7-2011-06-08-TOC_EN.html,06,06,09,06,NA,0,0,NA,NA
2011,06,09,SES,https://www.europarl.europa.eu/doceo/document/CRE-7-2011-06-09-TOC_EN.html,06,06,09,06,NA,0,0,NA,NA
2011,06,22,SES,https://www.europarl.europa.eu/doceo/document/CRE-7-2011-06-22-TOC_EN.html,22,06,23,06,NA,0,0,NA,NA
2011,06,23,SES,https://www.europarl.europa.eu/doceo/document/CRE-7-2011-06-23-TOC_EN.html,22,06,23,06,NA,0,0,NA,NA
2011,07,04,SES,https://www.europarl.europa.eu/doceo/document/CRE-7-2011-07-04-TOC_EN.html,04,07,07,07,NA,0,0,NA,NA
2011,07,05,SES,https://www.europarl.europa.eu/doceo/document/CRE-7-2011-07-05-TOC_EN.html,04,07,07,07,NA,0,0,NA,NA
2011,07,06,SES,https://www.europarl.europa.eu/doceo/document/CRE-7-2011-07-06-TOC_EN.html,04,07,07,07,NA,0,0,NA,NA
2011,07,07,SES,https://www.europarl.europa.eu/doceo/document/CRE-7-2011-07-07-TOC_EN.html,04,07,07,07,NA,0,0,NA,NA
2011,09,12,SES,https://www.europarl.europa.eu/doceo/document/CRE-7-2011-09-12-TOC_EN.html,12,09,15,09,NA,0,0,NA,NA
2011,09,13,SES,https://www.europarl.europa.eu/doceo/document/CRE-7-2011-09-13-TOC_EN.html,12,09,15,09,NA,0,0,NA,NA
2011,09,14,SES,https://www.europarl.europa.eu/doceo/document/CRE-7-2011-09-14-TOC_EN.html,12,09,15,09,NA,0,0,NA,NA
2011,09,15,SES,https://www.europarl.europa.eu/doceo/document/CRE-7-2011-09-15-TOC_EN.html,12,09,15,09,NA,0,0,NA,NA
2011,09,26,SES,https://www.europarl.europa.eu/doceo/document/CRE-7-2011-09-26-TOC_EN.html,26,09,29,09,NA,0,0,NA,NA
2011,09,27,SES,https://www.europarl.europa.eu/doceo/document/CRE-7-2011-09-27-TOC_EN.html,26,09,29,09,NA,0,0,NA,NA
2011,09,28,SES,https://www.europarl.europa.eu/doceo/document/CRE-7-2011-09-28-TOC_EN.html,26,09,29,09,NA,0,0,NA,NA
2011,09,29,SES,https://www.europarl.europa.eu/doceo/document/CRE-7-2011-09-29-TOC_EN.html,26,09,29,09,NA,0,0,NA,NA
2011,10,12,SES,https://www.europarl.europa.eu/doceo/document/CRE-7-2011-10-12-TOC_EN.html,12,10,13,10,NA,0,0,NA,NA
2011,10,13,SES,https://www.europarl.europa.eu/doceo/document/CRE-7-2011-10-13-TOC_EN.html,12,10,13,10,NA,0,0,NA,NA
2011,10,24,SES,https://www.europarl.europa.eu/doceo/document/CRE-7-2011-10-24-TOC_EN.html,24,10,27,10,NA,0,0,NA,NA
2011,10,25,SES,https://www.europarl.europa.eu/doceo/document/CRE-7-2011-10-25-TOC_EN.html,24,10,27,10,NA,0,0,NA,NA
2011,10,26,SES,https://www.europarl.europa.eu/doceo/document/CRE-7-2011-10-26-TOC_EN.html,24,10,27,10,NA,0,0,NA,NA
2011,10,27,SES,https://www.europarl.europa.eu/doceo/document/CRE-7-2011-10-27-TOC_EN.html,24,10,27,10,NA,0,0,NA,NA
2011,11,14,SES,https://www.europarl.europa.eu/doceo/document/CRE-7-2011-11-14-TOC_EN.html,14,11,17,11,NA,0,0,NA,NA
2011,11,15,SES,https://www.europarl.europa.eu/doceo/document/CRE-7-2011-11-15-TOC_EN.html,14,11,17,11,NA,0,0,NA,NA
2011,11,16,SES,https://www.europarl.europa.eu/doceo/document/CRE-7-2011-11-16-TOC_EN.html,14,11,17,11,NA,0,0,NA,NA
2011,11,17,SES,https://www.europarl.europa.eu/doceo/document/CRE-7-2011-11-17-TOC_EN.html,14,11,17,11,NA,0,0,NA,NA
2011,11,30,SES,https://www.europarl.europa.eu/doceo/document/CRE-7-2011-11-30-TOC_EN.html,30,11,01,12,NA,0,0,NA,NA
2011,12,01,SES,https://www.europarl.europa.eu/doceo/document/CRE-7-2011-12-01-TOC_EN.html,30,11,01,12,NA,0,0,NA,NA
2011,12,12,SES,https://www.europarl.europa.eu/doceo/document/CRE-7-2011-12-12-TOC_EN.html,12,12,15,12,NA,0,0,NA,NA
2011,12,13,SES,https://www.europarl.europa.eu/doceo/document/CRE-7-2011-12-13-TOC_EN.html,12,12,15,12,NA,0,0,NA,NA
2011,12,14,SES,https://www.europarl.europa.eu/doceo/document/CRE-7-2011-12-14-TOC_EN.html,12,12,15,12,NA,0,0,NA,NA
2011,12,15,SES,https://www.europarl.europa.eu/doceo/document/CRE-7-2011-12-15-TOC_EN.html,12,12,15,12,NA,0,0,NA,NA
2012,01,16,SES,https://www.europarl.europa.eu/doceo/document/CRE-7-2012-01-16-TOC_EN.html,16,01,19,01,NA,0,0,NA,NA
2012,01,17,SES,https://www.europarl.europa.eu/doceo/document/CRE-7-2012-01-17-TOC_EN.html,16,01,19,01,NA,0,0,NA,NA
2012,01,18,SES,https://www.europarl.europa.eu/doceo/document/CRE-7-2012-01-18-TOC_EN.html,16,01,19,01,NA,0,0,NA,NA
2012,01,19,SES,https://www.europarl.europa.eu/doceo/document/CRE-7-2012-01-19-TOC_EN.html,16,01,19,01,NA,0,0,NA,NA
2012,02,01,SES,https://www.europarl.europa.eu/doceo/document/CRE-7-2012-02-01-TOC_EN.html,01,02,02,02,NA,0,0,NA,NA
2012,02,02,SES,https://www.europarl.europa.eu/doceo/document/CRE-7-2012-02-02-TOC_EN.html,01,02,02,02,NA,0,0,NA,NA
2012,02,13,SES,https://www.europarl.europa.eu/doceo/document/CRE-7-2012-02-13-TOC_EN.html,13,02,16,02,NA,0,0,NA,NA
2012,02,14,SES,https://www.europarl.europa.eu/doceo/document/CRE-7-2012-02-14-TOC_EN.html,13,02,16,02,NA,0,0,NA,NA
2012,02,15,SES,https://www.europarl.europa.eu/doceo/document/CRE-7-2012-02-15-TOC_EN.html,13,02,16,02,NA,0,0,NA,NA
2012,02,16,SES,https://www.europarl.europa.eu/doceo/document/CRE-7-2012-02-16-TOC_EN.html,13,02,16,02,NA,0,0,NA,NA
2012,03,12,SES,https://www.europarl.europa.eu/doceo/document/CRE-7-2012-03-12-TOC_EN.html,12,03,15,03,NA,0,0,NA,NA
2012,03,13,SES,https://www.europarl.europa.eu/doceo/document/CRE-7-2012-03-13-TOC_EN.html,12,03,15,03,NA,0,0,NA,NA
2012,03,14,SES,https://www.europarl.europa.eu/doceo/document/CRE-7-2012-03-14-TOC_EN.html,12,03,15,03,NA,0,0,NA,NA
2012,03,15,SES,https://www.europarl.europa.eu/doceo/document/CRE-7-2012-03-15-TOC_EN.html,12,03,15,03,NA,0,0,NA,NA
2012,03,28,SES,https://www.europarl.europa.eu/doceo/document/CRE-7-2012-03-28-TOC_EN.html,28,03,29,03,NA,0,0,NA,NA
2012,03,29,SES,https://www.europarl.europa.eu/doceo/document/CRE-7-2012-03-29-TOC_EN.html,28,03,29,03,NA,0,0,NA,NA
2012,04,17,SES,https://www.europarl.europa.eu/doceo/document/CRE-7-2012-04-17-TOC_EN.html,17,04,20,04,NA,0,0,NA,NA
2012,04,18,SES,https://www.europarl.europa.eu/doceo/document/CRE-7-2012-04-18-TOC_EN.html,17,04,20,04,NA,0,0,NA,NA
2012,04,19,SES,https://www.europarl.europa.eu/doceo/document/CRE-7-2012-04-19-TOC_EN.html,17,04,20,04,NA,0,0,NA,NA
2012,04,20,SES,https://www.europarl.europa.eu/doceo/document/CRE-7-2012-04-20-TOC_EN.html,17,04,20,04,NA,0,0,NA,NA
2012,05,09,SES,https://www.europarl.europa.eu/doceo/document/CRE-7-2012-05-09-TOC_EN.html,09,05,10,05,NA,0,0,NA,NA
2012,05,10,SES,https://www.europarl.europa.eu/doceo/document/CRE-7-2012-05-10-TOC_EN.html,09,05,10,05,NA,0,0,NA,NA
2012,05,21,SES,https://www.europarl.europa.eu/doceo/document/CRE-7-2012-05-21-TOC_EN.html,21,05,24,05,NA,0,0,NA,NA
2012,05,22,SES,https://www.europarl.europa.eu/doceo/document/CRE-7-2012-05-22-TOC_EN.html,21,05,24,05,NA,0,0,NA,NA
2012,05,23,SES,https://www.europarl.europa.eu/doceo/document/CRE-7-2012-05-23-TOC_EN.html,21,05,24,05,NA,0,0,NA,NA
2012,05,24,SES,https://www.europarl.europa.eu/doceo/document/CRE-7-2012-05-24-TOC_EN.html,21,05,24,05,NA,0,0,NA,NA
2012,06,11,SES,https://www.europarl.europa.eu/doceo/document/CRE-7-2012-06-11-TOC_EN.html,11,06,14,06,NA,0,0,NA,NA
2012,06,12,SES,https://www.europarl.europa.eu/doceo/document/CRE-7-2012-06-12-TOC_EN.html,11,06,14,06,NA,0,0,NA,NA
2012,06,13,SES,https://www.europarl.europa.eu/doceo/document/CRE-7-2012-06-13-TOC_EN.html,11,06,14,06,NA,0,0,NA,NA
2012,06,14,SES,https://www.europarl.europa.eu/doceo/document/CRE-7-2012-06-14-TOC_EN.html,11,06,14,06,NA,0,0,NA,NA
2012,07,02,SES,https://www.europarl.europa.eu/doceo/document/CRE-7-2012-07-02-TOC_EN.html,02,07,05,07,NA,0,0,NA,NA
2012,07,03,SES,https://www.europarl.europa.eu/doceo/document/CRE-7-2012-07-03-TOC_EN.html,02,07,05,07,NA,0,0,NA,NA
2012,07,04,SES,https://www.europarl.europa.eu/doceo/document/CRE-7-2012-07-04-TOC_EN.html,02,07,05,07,NA,0,0,NA,NA
2012,07,05,SES,https://www.europarl.europa.eu/doceo/document/CRE-7-2012-07-05-TOC_EN.html,02,07,05,07,NA,0,0,NA,NA
2012,09,10,SES,https://www.europarl.europa.eu/doceo/document/CRE-7-2012-09-10-TOC_EN.html,10,09,13,09,NA,0,0,NA,NA
2012,09,11,SES,https://www.europarl.europa.eu/doceo/document/CRE-7-2012-09-11-TOC_EN.html,10,09,13,09,NA,0,0,NA,NA
2012,09,12,SES,https://www.europarl.europa.eu/doceo/document/CRE-7-2012-09-12-TOC_EN.html,10,09,13,09,NA,0,0,NA,NA
2012,09,13,SES,https://www.europarl.europa.eu/doceo/document/CRE-7-2012-09-13-TOC_EN.html,10,09,13,09,NA,0,0,NA,NA
2012,10,22,SES,https://www.europarl.europa.eu/doceo/document/CRE-7-2012-10-22-TOC_EN.html,22,10,23,10,NA,0,0,NA,NA
2012,10,23,SES,https://www.europarl.europa.eu/doceo/document/CRE-7-2012-10-23-TOC_EN.html,22,10,23,10,NA,0,0,NA,NA
2012,10,25,SES,https://www.europarl.europa.eu/doceo/document/CRE-7-2012-10-25-TOC_EN.html,25,10,26,10,NA,0,0,NA,NA
2012,10,26,SES,https://www.europarl.europa.eu/doceo/document/CRE-7-2012-10-26-TOC_EN.html,25,10,26,10,NA,0,0,NA,NA
2012,11,19,SES,https://www.europarl.europa.eu/doceo/document/CRE-7-2012-11-19-TOC_EN.html,19,11,22,11,NA,0,0,NA,NA
2012,11,20,SES,https://www.europarl.europa.eu/doceo/document/CRE-7-2012-11-20-TOC_EN.html,19,11,22,11,NA,0,0,NA,NA
2012,11,21,SES,https://www.europarl.europa.eu/doceo/document/CRE-7-2012-11-21-TOC_EN.html,19,11,22,11,NA,0,0,NA,NA
2012,11,22,SES,https://www.europarl.europa.eu/doceo/document/CRE-7-2012-11-22-TOC_EN.html,19,11,22,11,NA,0,0,NA,NA
2012,12,10,SES,https://www.europarl.europa.eu/doceo/document/CRE-7-2012-12-10-TOC_EN.html,10,12,13,12,NA,0,0,NA,NA
2012,12,11,SES,https://www.europarl.europa.eu/doceo/document/CRE-7-2012-12-11-TOC_EN.html,10,12,13,12,NA,0,0,NA,NA
2012,12,12,SES,https://www.europarl.europa.eu/doceo/document/CRE-7-2012-12-12-TOC_EN.html,10,12,13,12,NA,0,0,NA,NA
2012,12,13,SES,https://www.europarl.europa.eu/doceo/document/CRE-7-2012-12-13-TOC_EN.html,10,12,13,12,NA,0,0,NA,NA
2013,01,14,SES,https://www.europarl.europa.eu/doceo/document/CRE-7-2013-01-14-TOC_EN.html,14,01,17,01,NA,0,0,NA,NA
2013,01,15,SES,https://www.europarl.europa.eu/doceo/document/CRE-7-2013-01-15-TOC_EN.html,14,01,17,01,NA,0,0,NA,NA
2013,01,16,SES,https://www.europarl.europa.eu/doceo/document/CRE-7-2013-01-16-TOC_EN.html,14,01,17,01,NA,0,0,NA,NA
2013,01,17,SES,https://www.europarl.europa.eu/doceo/document/CRE-7-2013-01-17-TOC_EN.html,14,01,17,01,NA,0,0,NA,NA
2013,02,04,SES,https://www.europarl.europa.eu/doceo/document/CRE-7-2013-02-04-TOC_EN.html,04,02,07,02,NA,0,0,NA,NA
2013,02,05,SES,https://www.europarl.europa.eu/doceo/document/CRE-7-2013-02-05-TOC_EN.html,04,02,07,02,NA,0,0,NA,NA
2013,02,06,SES,https://www.europarl.europa.eu/doceo/document/CRE-7-2013-02-06-TOC_EN.html,04,02,07,02,NA,0,0,NA,NA
2013,02,07,SES,https://www.europarl.europa.eu/doceo/document/CRE-7-2013-02-07-TOC_EN.html,04,02,07,02,NA,0,0,NA,NA
2013,03,11,SES,https://www.europarl.europa.eu/doceo/document/CRE-7-2013-03-11-TOC_EN.html,11,03,14,03,NA,0,0,NA,NA
2013,03,12,SES,https://www.europarl.europa.eu/doceo/document/CRE-7-2013-03-12-TOC_EN.html,11,03,14,03,NA,0,0,NA,NA
2013,03,13,SES,https://www.europarl.europa.eu/doceo/document/CRE-7-2013-03-13-TOC_EN.html,11,03,14,03,NA,0,0,NA,NA
2013,03,14,SES,https://www.europarl.europa.eu/doceo/document/CRE-7-2013-03-14-TOC_EN.html,11,03,14,03,NA,0,0,NA,NA
2013,04,15,SES,https://www.europarl.europa.eu/doceo/document/CRE-7-2013-04-15-TOC_EN.html,15,04,18,04,NA,0,0,NA,NA
2013,04,16,SES,https://www.europarl.europa.eu/doceo/document/CRE-7-2013-04-16-TOC_EN.html,15,04,18,04,NA,0,0,NA,NA
2013,04,17,SES,https://www.europarl.europa.eu/doceo/document/CRE-7-2013-04-17-TOC_EN.html,15,04,18,04,NA,0,0,NA,NA
2013,04,18,SES,https://www.europarl.europa.eu/doceo/document/CRE-7-2013-04-18-TOC_EN.html,15,04,18,04,NA,0,0,NA,NA
2013,05,20,SES,https://www.europarl.europa.eu/doceo/document/CRE-7-2013-05-20-TOC_EN.html,20,05,23,05,NA,0,0,NA,NA
2013,05,21,SES,https://www.europarl.europa.eu/doceo/document/CRE-7-2013-05-21-TOC_EN.html,20,05,23,05,NA,0,0,NA,NA
2013,05,22,SES,https://www.europarl.europa.eu/doceo/document/CRE-7-2013-05-22-TOC_EN.html,20,05,23,05,NA,0,0,NA,NA
2013,05,23,SES,https://www.europarl.europa.eu/doceo/document/CRE-7-2013-05-23-TOC_EN.html,20,05,23,05,NA,0,0,NA,NA
2013,06,10,SES,https://www.europarl.europa.eu/doceo/document/CRE-7-2013-06-10-TOC_EN.html,10,06,13,06,NA,0,0,NA,NA
2013,06,11,SES,https://www.europarl.europa.eu/doceo/document/CRE-7-2013-06-11-TOC_EN.html,10,06,13,06,NA,0,0,NA,NA
2013,06,12,SES,https://www.europarl.europa.eu/doceo/document/CRE-7-2013-06-12-TOC_EN.html,10,06,13,06,NA,0,0,NA,NA
2013,06,13,SES,https://www.europarl.europa.eu/doceo/document/CRE-7-2013-06-13-TOC_EN.html,10,06,13,06,NA,0,0,NA,NA
2013,07,01,SES,https://www.europarl.europa.eu/doceo/document/CRE-7-2013-07-01-TOC_EN.html,01,07,04,07,NA,0,0,NA,NA
2013,07,02,SES,https://www.europarl.europa.eu/doceo/document/CRE-7-2013-07-02-TOC_EN.html,01,07,04,07,NA,0,0,NA,NA
2013,07,03,SES,https://www.europarl.europa.eu/doceo/document/CRE-7-2013-07-03-TOC_EN.html,01,07,04,07,NA,0,0,NA,NA
2013,07,04,SES,https://www.europarl.europa.eu/doceo/document/CRE-7-2013-07-04-TOC_EN.html,01,07,04,07,NA,0,0,NA,NA
2013,09,09,SES,https://www.europarl.europa.eu/doceo/document/CRE-7-2013-09-09-TOC_EN.html,09,09,12,09,NA,0,0,NA,NA
2013,09,10,SES,https://www.europarl.europa.eu/doceo/document/CRE-7-2013-09-10-TOC_EN.html,09,09,12,09,NA,0,0,NA,NA
2013,09,11,SES,https://www.europarl.europa.eu/doceo/document/CRE-7-2013-09-11-TOC_EN.html,09,09,12,09,NA,0,0,NA,NA
2013,09,12,SES,https://www.europarl.europa.eu/doceo/document/CRE-7-2013-09-12-TOC_EN.html,09,09,12,09,NA,0,0,NA,NA
2013,10,07,SES,https://www.europarl.europa.eu/doceo/document/CRE-7-2013-10-07-TOC_EN.html,07,10,10,10,NA,0,0,NA,NA
2013,10,08,SES,https://www.europarl.europa.eu/doceo/document/CRE-7-2013-10-08-TOC_EN.html,07,10,10,10,NA,0,0,NA,NA
2013,10,09,SES,https://www.europarl.europa.eu/doceo/document/CRE-7-2013-10-09-TOC_EN.html,07,10,10,10,NA,0,0,NA,NA
2013,10,10,SES,https://www.europarl.europa.eu/doceo/document/CRE-7-2013-10-10-TOC_EN.html,07,10,10,10,NA,0,0,NA,NA
2013,10,21,SES,https://www.europarl.europa.eu/doceo/document/CRE-7-2013-10-21-TOC_EN.html,21,10,24,10,NA,0,0,NA,NA
2013,10,22,SES,https://www.europarl.europa.eu/doceo/document/CRE-7-2013-10-22-TOC_EN.html,21,10,24,10,NA,0,0,NA,NA
2013,10,23,SES,https://www.europarl.europa.eu/doceo/document/CRE-7-2013-10-23-TOC_EN.html,21,10,24,10,NA,0,0,NA,NA
2013,10,24,SES,https://www.europarl.europa.eu/doceo/document/CRE-7-2013-10-24-TOC_EN.html,21,10,24,10,NA,0,0,NA,NA
2013,11,18,SES,https://www.europarl.europa.eu/doceo/document/CRE-7-2013-11-18-TOC_EN.html,18,11,21,11,NA,0,0,NA,NA
2013,11,19,SES,https://www.europarl.europa.eu/doceo/document/CRE-7-2013-11-19-TOC_EN.html,18,11,21,11,NA,0,0,NA,NA
2013,11,20,SES,https://www.europarl.europa.eu/doceo/document/CRE-7-2013-11-20-TOC_EN.html,18,11,21,11,NA,0,0,NA,NA
2013,11,21,SES,https://www.europarl.europa.eu/doceo/document/CRE-7-2013-11-21-TOC_EN.html,18,11,21,11,NA,0,0,NA,NA
2013,12,09,SES,https://www.europarl.europa.eu/doceo/document/CRE-7-2013-12-09-TOC_EN.html,09,12,12,12,NA,0,0,NA,NA
2013,12,10,SES,https://www.europarl.europa.eu/doceo/document/CRE-7-2013-12-10-TOC_EN.html,09,12,12,12,NA,0,0,NA,NA
2013,12,11,SES,https://www.europarl.europa.eu/doceo/document/CRE-7-2013-12-11-TOC_EN.html,09,12,12,12,NA,0,0,NA,NA
2013,12,12,SES,https://www.europarl.europa.eu/doceo/document/CRE-7-2013-12-12-TOC_EN.html,09,12,12,12,NA,0,0,NA,NA
2014,01,13,SES,https://www.europarl.europa.eu/doceo/document/CRE-7-2014-01-13-TOC_EN.html,13,01,16,01,NA,0,0,NA,NA
2014,01,14,SES,https://www.europarl.europa.eu/doceo/document/CRE-7-2014-01-14-TOC_EN.html,13,01,16,01,NA,0,0,NA,NA
2014,01,15,SES,https://www.europarl.europa.eu/doceo/document/CRE-7-2014-01-15-TOC_EN.html,13,01,16,01,NA,0,0,NA,NA
2014,01,16,SES,https://www.europarl.europa.eu/doceo/document/CRE-7-2014-01-16-TOC_EN.html,13,01,16,01,NA,0,0,NA,NA
2014,02,03,SES,https://www.europarl.europa.eu/doceo/document/CRE-7-2014-02-03-TOC_EN.html,03,02,06,02,NA,0,0,NA,NA
2014,02,04,SES,https://www.europarl.europa.eu/doceo/document/CRE-7-2014-02-04-TOC_EN.html,03,02,06,02,NA,0,0,NA,NA
2014,02,05,SES,https://www.europarl.europa.eu/doceo/document/CRE-7-2014-02-05-TOC_EN.html,03,02,06,02,NA,0,0,NA,NA
2014,02,06,SES,https://www.europarl.europa.eu/doceo/document/CRE-7-2014-02-06-TOC_EN.html,03,02,06,02,NA,0,0,NA,NA
2014,02,24,SES,https://www.europarl.europa.eu/doceo/document/CRE-7-2014-02-24-TOC_EN.html,24,02,27,02,NA,0,0,NA,NA
2014,02,25,SES,https://www.europarl.europa.eu/doceo/document/CRE-7-2014-02-25-TOC_EN.html,24,02,27,02,NA,0,0,NA,NA
2014,02,26,SES,https://www.europarl.europa.eu/doceo/document/CRE-7-2014-02-26-TOC_EN.html,24,02,27,02,NA,0,0,NA,NA
2014,02,27,SES,https://www.europarl.europa.eu/doceo/document/CRE-7-2014-02-27-TOC_EN.html,24,02,27,02,NA,0,0,NA,NA
2014,03,10,SES,https://www.europarl.europa.eu/doceo/document/CRE-7-2014-03-10-TOC_EN.html,10,03,13,03,NA,0,0,NA,NA
2014,03,11,SES,https://www.europarl.europa.eu/doceo/document/CRE-7-2014-03-11-TOC_EN.html,10,03,13,03,NA,0,0,NA,NA
2014,03,12,SES,https://www.europarl.europa.eu/doceo/document/CRE-7-2014-03-12-TOC_EN.html,10,03,13,03,NA,0,0,NA,NA
2014,03,13,SES,https://www.europarl.europa.eu/doceo/document/CRE-7-2014-03-13-TOC_EN.html,10,03,13,03,NA,0,0,NA,NA
2014,04,02,SES,https://www.europarl.europa.eu/doceo/document/CRE-7-2014-04-02-TOC_EN.html,02,04,03,04,NA,0,0,NA,NA
2014,04,03,SES,https://www.europarl.europa.eu/doceo/document/CRE-7-2014-04-03-TOC_EN.html,02,04,03,04,NA,0,0,NA,NA
2014,04,14,SES,https://www.europarl.europa.eu/doceo/document/CRE-7-2014-04-14-TOC_EN.html,14,04,17,04,NA,0,0,NA,NA
2014,04,15,SES,https://www.europarl.europa.eu/doceo/document/CRE-7-2014-04-15-TOC_EN.html,14,04,17,04,NA,0,0,NA,NA
2014,04,16,SES,https://www.europarl.europa.eu/doceo/document/CRE-7-2014-04-16-TOC_EN.html,14,04,17,04,NA,0,0,NA,NA
2014,04,17,SES,https://www.europarl.europa.eu/doceo/document/CRE-7-2014-04-17-TOC_EN.html,14,04,17,04,NA,0,0,NA,NA
2014,07,01,SES,https://www.europarl.europa.eu/doceo/document/CRE-8-2014-07-01-TOC_EN.html,01,07,03,07,NA,0,0,NA,NA
2014,07,02,SES,https://www.europarl.europa.eu/doceo/document/CRE-8-2014-07-02-TOC_EN.html,01,07,03,07,NA,0,0,NA,NA
2014,07,03,SES,https://www.europarl.europa.eu/doceo/document/CRE-8-2014-07-03-TOC_EN.html,01,07,03,07,NA,0,0,NA,NA
2014,07,14,SES,https://www.europarl.europa.eu/doceo/document/CRE-8-2014-07-14-TOC_EN.html,14,07,17,07,NA,0,0,NA,NA
2014,07,15,SES,https://www.europarl.europa.eu/doceo/document/CRE-8-2014-07-15-TOC_EN.html,14,07,17,07,NA,0,0,NA,NA
2014,07,16,SES,https://www.europarl.europa.eu/doceo/document/CRE-8-2014-07-16-TOC_EN.html,14,07,17,07,NA,0,0,NA,NA
2014,07,17,SES,https://www.europarl.europa.eu/doceo/document/CRE-8-2014-07-17-TOC_EN.html,14,07,17,07,NA,0,0,NA,NA
2014,09,15,SES,https://www.europarl.europa.eu/doceo/document/CRE-8-2014-09-15-TOC_EN.html,15,09,18,09,NA,0,0,NA,NA
2014,09,16,SES,https://www.europarl.europa.eu/doceo/document/CRE-8-2014-09-16-TOC_EN.html,15,09,18,09,NA,0,0,NA,NA
2014,09,17,SES,https://www.europarl.europa.eu/doceo/document/CRE-8-2014-09-17-TOC_EN.html,15,09,18,09,NA,0,0,NA,NA
2014,09,18,SES,https://www.europarl.europa.eu/doceo/document/CRE-8-2014-09-18-TOC_EN.html,15,09,18,09,NA,0,0,NA,NA
2014,10,20,SES,https://www.europarl.europa.eu/doceo/document/CRE-8-2014-10-20-TOC_EN.html,20,10,23,10,NA,0,0,NA,NA
2014,10,21,SES,https://www.europarl.europa.eu/doceo/document/CRE-8-2014-10-21-TOC_EN.html,20,10,23,10,NA,0,0,NA,NA
2014,10,22,SES,https://www.europarl.europa.eu/doceo/document/CRE-8-2014-10-22-TOC_EN.html,20,10,23,10,NA,0,0,NA,NA
2014,10,23,SES,https://www.europarl.europa.eu/doceo/document/CRE-8-2014-10-23-TOC_EN.html,20,10,23,10,NA,0,0,NA,NA
2014,11,12,SES,https://www.europarl.europa.eu/doceo/document/CRE-8-2014-11-12-TOC_EN.html,12,11,13,11,NA,0,0,NA,NA
2014,11,13,SES,https://www.europarl.europa.eu/doceo/document/CRE-8-2014-11-13-TOC_EN.html,12,11,13,11,NA,0,0,NA,NA
2014,11,24,SES,https://www.europarl.europa.eu/doceo/document/CRE-8-2014-11-24-TOC_EN.html,24,11,27,11,NA,0,0,NA,NA
2014,11,25,SES,https://www.europarl.europa.eu/doceo/document/CRE-8-2014-11-25-TOC_EN.html,24,11,27,11,NA,0,0,NA,NA
2014,11,26,SES,https://www.europarl.europa.eu/doceo/document/CRE-8-2014-11-26-TOC_EN.html,24,11,27,11,NA,0,0,NA,NA
2014,11,27,SES,https://www.europarl.europa.eu/doceo/document/CRE-8-2014-11-27-TOC_EN.html,24,11,27,11,NA,0,0,NA,NA
2014,12,15,SES,https://www.europarl.europa.eu/doceo/document/CRE-8-2014-12-15-TOC_EN.html,15,12,18,12,NA,0,0,NA,NA
2014,12,16,SES,https://www.europarl.europa.eu/doceo/document/CRE-8-2014-12-16-TOC_EN.html,15,12,18,12,NA,0,0,NA,NA
2014,12,17,SES,https://www.europarl.europa.eu/doceo/document/CRE-8-2014-12-17-TOC_EN.html,15,12,18,12,NA,0,0,NA,NA
2014,12,18,SES,https://www.europarl.europa.eu/doceo/document/CRE-8-2014-12-18-TOC_EN.html,15,12,18,12,NA,0,0,NA,NA
